model,clap_sim
AudioLDM1-augment,0.5526992837587993
AudioLDM2-augment,0.4222549373904864
