model,mean_pairwise_distance,std_pairwise_distance,min_distance,max_distance,diversity_score,num_samples
AudioLDM1-augment,0.027508439714146182,0.011500654906541606,0.00843717357037499,0.06760458977948591,0.027508439714146182,30
AudioLDM2-augment,0.05837922795285566,0.028852703331091894,0.011320848312187604,0.1854975544404769,0.05837922795285566,30
