,AudioLDM1-augment_mean,AudioLDM1-augment_std,AudioLDM2-augment_mean,AudioLDM2-augment_std,p_value,cohens_d,significant,effect_size
rms,0.09558309282486638,0.043274325424335625,0.09534249367813269,0.022102189003205028,0.9784889666080112,0.007002370478371185,False,small
snr,12.132295032342276,12.006386799308808,4.050898400942485,1.8855214846882937,0.000995806003904271,0.9403697577190592,True,large
spectral_centroid,473.1163528811849,181.94739826114,961.0898089297295,795.5683496241845,0.0025406771882950808,-0.8455962414953667,True,large
spectral_bandwidth,217.7531345688789,90.86940846381756,712.9953559473063,413.4110279004105,3.4427692499555766e-07,-1.6546454516043034,True,large
dynamic_range,45.97577457427978,25.029016169416156,22.643758265177407,8.199112965152144,2.4820288999539963e-05,1.2528197441991775,True,large
frequency_diversity,5.81937378759297e-06,7.071273395310003e-06,5.736790334267179e-07,2.3483914101685246e-06,0.00046761027616462565,0.9956385304406434,True,large
