model,clap_sim
AudioLDM1,0.5436735679705937
AudioLDM2,0.530049662788709
