model,mean_pairwise_distance,std_pairwise_distance,min_distance,max_distance,diversity_score,num_samples
AudioLDM1,0.02299207336359791,0.010594980508174642,0.007435418345718259,0.07897673568886099,0.02299207336359791,30
AudioLDM2,0.027161475974935293,0.0125761441340817,0.005329742151382155,0.08319528772308982,0.027161475974935293,30
