,AudioLDM1_mean,AudioLDM1_std,AudioLDM2_mean,AudioLDM2_std,p_value,cohens_d,significant,effect_size
rms,0.1092216440786918,0.045874093653548706,0.0982681430876255,0.012928501426663857,0.21679161023825894,0.32501549304513094,False,small
snr,9.738810046538498,9.433796662027133,4.831841038663824,1.9386606514915725,0.008863263542910633,0.7205428691217455,True,medium
spectral_centroid,466.2311011573061,136.96928310773234,626.0798036867002,234.04971816188842,0.002276691558703743,-0.8336096404538449,True,large
spectral_bandwidth,207.6701097546326,76.66042804404519,392.8929872339908,204.65540880887872,4.240813876126796e-05,-1.198600558669117,True,large
dynamic_range,41.02822465828776,23.262240665832575,26.728704058132262,8.609293978777421,0.0031713637422492386,0.8152860941174751,True,large
frequency_diversity,4.863029262954418e-06,2.320828184591822e-06,1.35564364613557e-08,3.9756421177380485e-08,2.8255316169903585e-12,2.954628116533751,True,large
