model,clap_sim
AudioLDM1,0.5436735679705937
AudioLDM2-music,0.3322732465962569
