,AudioLDM1_mean,AudioLDM1_std,AudioLDM2-music_mean,AudioLDM2-music_std,p_value,cohens_d,significant,effect_size
rms,0.1092216440786918,0.045874093653548706,0.17027249111173054,0.06455784008478448,9.672188518376507e-05,-1.0901809054626168,True,large
snr,9.738810046538498,9.433796662027133,7.308701692746955,7.180837473947555,0.26652807920147475,0.2898733569989164,False,small
spectral_centroid,466.2311011573061,136.96928310773234,442.73511099899804,201.6685910373427,0.5998580968194719,0.13630222412346452,False,small
spectral_bandwidth,207.6701097546326,76.66042804404519,186.62916863104974,86.44215531292265,0.3227382017453545,0.25754593250909724,False,small
dynamic_range,41.02822465828776,23.262240665832575,29.069030988868693,16.024722740665812,0.024406826086817546,0.5987372071224994,True,medium
frequency_diversity,4.863029262954418e-06,2.320828184591822e-06,3.1952942498447943e-07,1.2186307938538626e-06,3.3406580386790334e-12,2.451240470160448,True,large
