model,mean_pairwise_distance,std_pairwise_distance,min_distance,max_distance,diversity_score,num_samples
AudioLDM2_music-external_adapter,0.05241416027717629,0.041664452642963826,0.006038563509521033,0.24661671771561966,0.05241416027717629,30
AudioLDM2_music-mlp_adapter,0.05199370109298971,0.041226663460033626,0.005831259324941329,0.2405502773196525,0.05199370109298971,30
