,AudioLDM2_music-external_adapter_mean,AudioLDM2_music-external_adapter_std,AudioLDM2_music-mlp_adapter_mean,AudioLDM2_music-mlp_adapter_std,p_value,cohens_d,significant,effect_size
rms,0.07759781939287981,0.02573503248232948,0.07737148087471724,0.02533570447588715,0.9727334826545564,0.008863455393569367,False,small
snr,6.253610110282898,8.014071624964059,6.304652758439382,8.094310977937551,0.9805026694971894,-0.006337323389696554,False,small
spectral_centroid,826.7685031418758,901.7566032783433,828.8902586591879,907.4915924604595,0.9927833992416099,-0.002345443663233062,False,small
spectral_bandwidth,752.7319097842956,507.37706079812665,754.240270707107,507.93632859814096,0.990858043274655,-0.002971221909872587,False,small
dynamic_range,28.84871352513631,18.37130614007732,28.963746802012125,18.46398527246407,0.9807841899609955,-0.006245798980226723,False,small
frequency_diversity,7.206917318680617e-06,2.007936046673604e-05,7.361786961027998e-06,2.006419389451282e-05,0.9762628533360576,-0.007715790679656211,False,small
