model,clap_similarity
ALDM1,0.5436735679705937
ALDM2,0.530049662788709
ALDM2-music,0.3322732465962569
