model,mean_pairwise_distance,std_pairwise_distance,min_distance,max_distance,diversity_score,num_samples
ALDM1,0.02299207336359791,0.010594980508174642,0.007435418345718259,0.07897673568886099,0.02299207336359791,30
ALDM2,0.027161475974935293,0.0125761441340817,0.005329742151382155,0.08319528772308982,0.027161475974935293,30
ALDM2-music,0.021427344234573414,0.017798414117303228,0.0033375933713403194,0.10113885756349161,0.021427344234573414,30
