,ALDM1,ALDM2,ALDM2-music
ALDM1,0.0,4.337106357681847,7.4885240468242245
ALDM2,4.337106357681847,0.0,6.743989356071861
ALDM2-music,7.4885240468242245,6.743989356071861,0.0
