model,mean_pairwise_distance,std_pairwise_distance,min_distance,max_distance,diversity_score,num_samples
AudioLDM1-external_adapter,0.0336486320732136,0.02362990272949869,0.0052874079075809766,0.16767517297415502,0.0336486320732136,30
AudioLDM2_music-external_adapter,0.05241416027717629,0.041664452642963826,0.006038563509521033,0.24661671771561966,0.05241416027717629,30
