,AudioLDM1-external_adapter_mean,AudioLDM1-external_adapter_std,AudioLDM2_music-external_adapter_mean,AudioLDM2_music-external_adapter_std,p_value,cohens_d,significant,effect_size
rms,0.07067038047437867,0.062334623620824384,0.07759781939287981,0.02573503248232948,0.5769351429159048,-0.1452721564528741,False,small
snr,21.211891901493072,13.339656401049488,6.253610110282898,8.014071624964059,3.330582126696025e-06,1.3593614325036003,True,large
spectral_centroid,381.49525331545686,412.67839567723075,826.7685031418758,901.7566032783433,0.01827052579680385,-0.6349819665160259,True,medium
spectral_bandwidth,286.779489007842,215.77841827865547,752.7319097842956,507.37706079812665,3.980382498562861e-05,-1.1951588460961262,True,large
dynamic_range,65.63979113896688,28.648547100267624,28.84871352513631,18.37130614007732,3.015764560406654e-07,1.5288238546591892,True,large
frequency_diversity,3.478679105249534e-05,0.00013688367358370812,7.206917318680617e-06,2.007936046673604e-05,0.28350321121384925,0.2819244001363217,False,small
