model,mean_pairwise_distance,std_pairwise_distance,min_distance,max_distance,diversity_score,num_samples
AudioLDM1-external_adapter,0.0336486320732136,0.02362990272949869,0.0052874079075809766,0.16767517297415502,0.0336486320732136,30
AudioLDM2-external_adapter,0.050062422012999,0.03604629943624304,0.005830019109681395,0.22012208105602815,0.050062422012999,30
