,AudioLDM1-external_adapter_mean,AudioLDM1-external_adapter_std,AudioLDM2-external_adapter_mean,AudioLDM2-external_adapter_std,p_value,cohens_d,significant,effect_size
rms,0.07067038047437867,0.062334623620824384,0.0715580863878131,0.026665027101636526,0.9431927265056153,-0.018516733911586595,False,small
snr,21.211891901493072,13.339656401049488,7.698599505424499,7.914442141314934,1.8000193171024722e-05,1.2320889268711233,True,large
spectral_centroid,381.49525331545686,412.67839567723075,887.7522607817555,885.1808841815323,0.0070041624765958335,-0.7330714559210294,True,medium
spectral_bandwidth,286.779489007842,215.77841827865547,837.6401607086725,526.4712041742655,4.971094060493687e-06,-1.3691901912270228,True,large
dynamic_range,65.63979113896688,28.648547100267624,33.878940931955974,19.467379227198094,6.595259146247719e-06,1.2967836043914382,True,large
frequency_diversity,3.478679105249534e-05,0.00013688367358370812,1.7679577160930236e-05,4.4296700594159066e-05,0.5191241897466548,0.16815742852239057,False,small
