model,mean_pairwise_distance,std_pairwise_distance,min_distance,max_distance,diversity_score,num_samples
AudioLDM2-external_adapter,0.050062422012999,0.03604629943624304,0.005830019109681395,0.22012208105602815,0.050062422012999,30
AudioLDM2_music-external_adapter,0.05241416027717629,0.041664452642963826,0.006038563509521033,0.24661671771561966,0.05241416027717629,30
