,AudioLDM2-external_adapter_mean,AudioLDM2-external_adapter_std,AudioLDM2_music-external_adapter_mean,AudioLDM2_music-external_adapter_std,p_value,cohens_d,significant,effect_size
rms,0.0715580863878131,0.026665027101636526,0.07759781939287981,0.02573503248232948,0.3757249163589117,-0.23048760053838663,False,small
snr,7.698599505424499,7.914442141314934,6.253610110282898,8.014071624964059,0.48506751597742936,0.18143075386217805,False,small
spectral_centroid,887.7522607817555,885.1808841815323,826.7685031418758,901.7566032783433,0.7924558485666295,0.06825211800749702,False,small
spectral_bandwidth,837.6401607086725,526.4712041742655,752.7319097842956,507.37706079812665,0.5272460389514995,0.16422869048447336,False,small
dynamic_range,33.878940931955974,19.467379227198094,28.84871352513631,18.37130614007732,0.30762294583603544,0.2657660162443925,False,small
frequency_diversity,1.7679577160930236e-05,4.4296700594159066e-05,7.206917318680617e-06,2.007936046673604e-05,0.2451253736216976,0.304524109668092,False,small
