model,mean_pairwise_distance,std_pairwise_distance,min_distance,max_distance,diversity_score,num_samples
AudioLDM1-external_adapter,0.0336486320732136,0.02362990272949869,0.0052874079075809766,0.16767517297415502,0.0336486320732136,30
AudioLDM1-mlp_adapter,0.033667058059340955,0.023637078649736923,0.005393943559285241,0.16770916864275998,0.033667058059340955,30
