model,clap_similarity
ALDM1-Retrieval,0.4391724062462648
ALDM2-Retrieval,0.18872296785314877
ALDM2_music-Retrieval,0.21796360599497955
