,ALDM1-Retrieval,ALDM2-Retrieval,ALDM2_music-Retrieval
ALDM1-Retrieval,0.0,10.479477973088695,7.059541591279288
ALDM2-Retrieval,10.479477973088695,0.0,4.243761699934849
ALDM2_music-Retrieval,7.059541591279288,4.243761699934849,0.0
