model,mean_pairwise_distance,std_pairwise_distance,min_distance,max_distance,diversity_score,num_samples
AudioLDM2-external_adapter,0.050062422012999,0.03604629943624304,0.005830019109681395,0.22012208105602815,0.050062422012999,30
AudioLDM2-mlp_adapter,0.04991253830689401,0.03595565728707676,0.005775481382496062,0.2199552514409343,0.04991253830689401,30
