,AudioLDM2-external_adapter_mean,AudioLDM2-external_adapter_std,AudioLDM2-mlp_adapter_mean,AudioLDM2-mlp_adapter_std,p_value,cohens_d,significant,effect_size
rms,0.0715580863878131,0.026665027101636526,0.07138716578483581,0.026628698917307157,0.9802659325273928,0.006414284608532189,False,small
snr,7.698599505424499,7.914442141314934,7.757689992586772,7.927460800929022,0.9770494853025635,-0.007460021365468668,False,small
spectral_centroid,887.7522607817555,885.1808841815323,888.2213711832967,889.9328978774496,0.9983737370465968,-0.0005285393256113137,False,small
spectral_bandwidth,837.6401607086725,526.4712041742655,841.9351662298027,529.0051870280408,0.9749628679313471,-0.008138492114399756,False,small
dynamic_range,33.878940931955974,19.467379227198094,34.04804681142171,19.52335575115958,0.9733155933885297,-0.008674148117076721,False,small
frequency_diversity,1.7679577160930236e-05,4.4296700594159066e-05,1.8076992375493095e-05,4.4987515992360386e-05,0.9726150057165359,-0.008901983678958707,False,small
