model,clap_sim
AudioLDM2,0.530049662788709
AudioLDM2-music,0.3322732465962569
