,AudioLDM2_mean,AudioLDM2_std,AudioLDM2-music_mean,AudioLDM2-music_std,p_value,cohens_d,significant,effect_size
rms,0.0982681430876255,0.012928501426663857,0.17027249111173054,0.06455784008478448,1.2128714848820156e-06,-1.5466289633818504,True,large
snr,4.831841038663824,1.9386606514915725,7.308701692746955,7.180837473947555,0.07717279394312446,-0.47093868894650515,False,small
spectral_centroid,626.0798036867002,234.04971816188842,442.73511099899804,201.6685910373427,0.001939995589612329,0.839260013945842,True,large
spectral_bandwidth,392.8929872339908,204.65540880887872,186.62916863104974,86.44215531292265,9.550209336258384e-06,1.3130090226200188,True,large
dynamic_range,26.728704058132262,8.609293978777421,29.069030988868693,16.024722740665812,0.48469600560073545,-0.18194305331877808,False,small
frequency_diversity,1.35564364613557e-08,3.9756421177380485e-08,3.1952942498447943e-07,1.2186307938538626e-06,0.179797651318585,-0.35489096893682953,False,small
